Overall,Stronger Foot,Position,Potential,Crossing,Finishing,Heading,Short Pass,Volley,Dribbling,Shot Power,Free kick,Long Passing,Ball Control,Acceleration,Sprint Speed,GK,Defending,Vision,Name
94,left,ATT,94,80,93,71,88,85,96,89,90,79,96,95,90,11,23,90,Lionel Messi
93,right,ATT,93,82,95,86,81,87,93,88,77,72,91,91,93,11,31,81,Cristiano Ronaldo
90,right,GK,90,15,13,25,48,11,16,14,11,47,31,58,61,87,10,70,Manuel Neuer
90,right,ATT,90,77,90,77,82,87,88,86,84,64,91,88,78,25,45,84,Luis Suarez
90,right,ATT,94,72,88,62,78,83,94,78,79,74,93,91,90,9,24,79,Neymar
89,left,ATT,89,80,85,51,85,86,93,86,83,73,90,90,90,8,26,84,Arjen Robben
89,right,ATT,89,76,90,76,84,92,87,80,80,76,90,72,74,15,41,83,Zlatan Ibrahimovic
88,right,ATT,88,60,38,82,79,63,68,61,73,81,80,72,76,12,91,74,Thiago Silva
88,right,MID,89,62,89,83,82,84,85,77,68,65,87,79,81,6,42,78,Robert Lewandowski
88,right,MID,88,70,90,68,79,85,89,82,72,63,89,92,86,15,20,83,Sergio Aguero
88,left,DEF,89,80,75,54,89,77,86,84,79,84,90,77,68,14,16,93,Mesut Oezil
88,right,ATT,88,79,73,54,92,74,90,80,70,86,92,76,75,13,57,92,Andres Iniesta
88,right,ATT,90,80,81,57,85,79,94,82,79,82,90,93,87,12,27,86,Eden Hazard
87,left,GK,93,88,85,68,84,91,87,82,86,80,85,78,78,15,47,87,James Rodriguez
87,right,DEF,89,85,76,54,89,82,83,84,83,90,86,59,52,11,72,88,Toni Kroos
87,right,DEF,87,78,71,55,86,75,86,79,77,83,92,78,74,9,75,89,Luka Modric
87,right,ATT,87,84,47,63,86,66,82,77,59,79,86,73,69,12,87,83,Philipp Lahm
87,right,MID,88,69,34,87,75,53,67,56,31,81,73,74,83,12,90,74,Jerome Boateng
87,left,DEF,89,84,81,76,84,76,87,87,85,80,85,93,95,15,65,77,Gareth Bale
87,right,MID,87,74,60,86,76,66,57,73,68,70,83,78,79,8,89,63,Sergio Ramos
87,right,MID,90,17,13,21,31,13,13,21,19,32,31,51,55,81,21,68,David De Gea
86,left,MID,86,85,72,54,92,80,87,83,77,85,91,79,68,1,30,93,David Silva
86,right,GK,91,76,71,72,85,84,88,81,80,81,89,75,79,6,76,86,Paul Pogba
86,right,DEF,86,82,77,41,87,80,90,83,81,73,90,86,85,6,25,88,Franck Ribery
86,right,MID,87,77,83,65,79,78,88,78,78,73,85,88,84,10,39,78,Alexis Sanchez
86,left,MID,86,90,75,53,81,77,87,83,72,81,86,88,88,7,63,83,Angel Di Maria
86,right,ATT,87,85,83,51,86,87,86,90,84,79,85,89,91,12,36,84,Marco Reus
86,right,DEF,87,64,55,90,78,60,68,65,53,82,77,62,66,6,87,79,Mats Hummels
86,right,ATT,89,90,82,53,88,82,85,78,77,82,86,76,78,13,39,88,Kevin de Bruyne
86,right,GK,86,75,88,78,86,77,82,79,73,47,86,82,84,11,15,83,Karim Benzema
86,right,ATT,86,55,42,92,77,47,53,49,51,69,73,68,69,8,86,52,Diego Godin
86,left,MID,90,14,14,13,32,12,13,19,11,31,23,46,52,87,18,44,Thibaut Courtois
86,right,ATT,86,68,90,78,72,83,83,69,62,58,86,79,83,12,22,70,Gonzalo Higuain
86,right,ATT,86,85,74,51,93,66,80,85,87,90,93,67,65,15,61,94,Xavi Hernandez
86,left,ATT,86,19,12,19,35,17,12,13,19,33,22,45,52,84,13,17,Petr Cech
86,right,ATT,88,79,89,82,83,83,78,81,59,77,81,76,78,7,41,85,Thomas Mueller
86,right,MID,87,62,60,70,89,44,74,66,68,79,82,54,48,8,86,85,Sergio Busquets
86,right,ATT,86,86,76,74,92,81,81,77,81,91,87,65,62,10,64,92,Cesc Fabregas
86,left,DEF,86,52,33,84,49,45,52,56,31,49,49,69,79,3,90,46,Giorgio Chiellini
85,right,ATT,86,63,88,82,65,81,82,58,59,48,82,75,78,13,39,74,Diego Costa
85,right,GK,85,81,82,49,86,80,83,87,84,92,87,69,67,11,65,87,Ivan Rakitic
85,right,MID,86,80,74,53,85,84,87,83,64,78,89,87,84,11,53,87,Henrik Mkhitaryan
85,right,DEF,85,67,82,74,86,68,81,80,85,83,83,69,78,14,78,85,Yaya Toure
85,right,DEF,85,78,85,80,80,86,79,84,84,85,83,72,74,11,54,83,Wayne Rooney
85,right,ATT,85,48,43,83,64,51,62,32,39,65,67,74,77,6,90,53,Miranda
85,right,MID,85,79,73,79,87,82,77,82,78,87,82,51,53,14,77,86,Bastian Schweinsteiger
85,right,DEF,85,57,64,82,83,57,59,58,43,80,76,56,68,11,87,62,Gerard Pique
85,right,DEF,85,85,77,58,86,72,86,86,78,84,87,77,66,9,62,85,Santi Cazorla
85,right,MID,85,73,88,58,80,87,86,84,82,61,88,90,87,2,51,80,Carlos Tevez
85,left,ATT,85,13,10,10,27,11,10,11,10,31,34,65,63,82,10,30,Hugo Lloris
85,right,MID,85,61,45,84,65,46,64,61,52,66,68,68,69,9,90,59,Vincent Kompany
85,right,ATT,85,76,75,76,83,78,81,76,68,79,83,79,76,2,88,79,Arturo Vidal
85,right,MID,85,70,85,89,77,82,81,75,77,50,83,74,78,5,45,77,Edinson Cavani
85,right,DEF,85,40,27,76,65,35,60,50,31,65,65,69,79,2,90,50,Andrea Barzagli
85,left,ATT,88,82,63,76,84,68,82,78,83,80,84,86,86,7,84,78,David Alaba
84,right,ATT,85,81,88,77,74,84,81,78,74,64,81,95,96,9,25,77,Pierre-Emerick Aubameyang
84,right,DEF,84,46,46,80,67,23,58,44,47,60,57,68,77,15,88,58,Pepe
84,right,MID,85,78,75,63,87,78,89,83,69,83,87,72,75,9,59,88,Javier Pastore
84,right,DEF,86,77,70,61,89,71,83,81,90,85,89,72,71,7,67,88,Miralem Pjanic
84,right,DEF,84,13,15,13,37,17,25,20,13,35,25,49,43,79,11,50,Gianluigi Buffon
84,right,GK,87,74,67,49,90,75,87,81,73,83,88,78,76,14,65,87,Ilkay Guendogan
84,right,GK,84,76,65,68,87,76,82,78,78,83,85,79,79,3,78,84,Claudio Marchisio
84,right,DEF,84,45,57,93,74,60,60,52,76,70,69,67,77,10,87,59,Naldo
84,left,MID,84,75,65,73,84,72,73,65,52,79,77,74,76,11,84,74,Blaise Matuidi
84,right,ATT,84,79,56,72,92,71,77,82,84,93,84,32,33,8,77,88,Xabi Alonso
84,right,MID,84,54,32,84,75,35,62,22,49,67,67,79,78,11,87,56,Laurent Koscielny
84,right,ATT,88,76,78,54,85,83,90,80,74,75,90,76,68,7,29,84,Mario Goetze
84,right,MID,89,72,52,55,90,64,88,73,64,87,85,72,64,12,82,84,Marco Verratti
84,right,MID,84,12,10,10,33,12,18,12,14,34,22,54,57,80,10,41,Samir Handanovic
84,left,DEF,85,82,73,60,77,60,80,77,64,70,82,93,92,15,84,68,Jordi Alba
84,left,DEF,88,82,87,78,77,83,86,84,74,75,84,86,86,8,22,74,Antoine Griezmann
84,right,MID,85,60,55,86,77,61,63,61,45,76,71,49,54,12,86,76,Javier Martinez
84,right,DEF,84,42,46,90,66,55,45,44,31,64,63,33,34,5,87,59,John Terry
84,right,MID,88,74,70,47,85,75,87,84,72,78,88,89,77,7,38,87,Philippe Coutinho
84,right,DEF,88,72,76,59,85,64,87,86,74,78,89,77,71,8,43,84,Isco
84,left,MID,84,80,85,68,83,73,84,80,84,78,84,84,85,10,41,80,Hulk
84,right,MID,84,14,14,10,32,19,23,17,13,35,20,59,60,81,14,42,Joe Hart
84,right,ATT,84,52,53,86,64,56,41,50,39,66,60,74,75,5,86,45,Nicolas Otamendi
84,right,ATT,84,80,60,71,80,68,81,77,74,76,85,84,89,11,83,67,Daniel Alves
83,right,DEF,83,44,37,84,73,55,68,56,61,79,73,65,75,2,86,66,Leonardo Bonucci
83,right,DEF,83,50,44,85,65,48,58,38,35,64,59,72,77,8,88,57,Sokratis Papastathopoulos
83,right,MID,83,12,13,18,32,11,13,25,60,31,15,58,54,82,18,63,Claudio Bravo
83,right,MID,83,68,56,83,78,67,70,70,76,76,79,72,73,12,85,68,David Luiz
83,left,GK,85,62,85,73,75,76,84,62,68,62,81,88,89,15,24,74,Daniel Sturridge
83,right,DEF,88,9,9,13,37,10,16,9,8,33,22,46,52,83,15,53,Bernd Leno
83,left,GK,87,32,26,85,70,31,55,52,77,79,70,63,74,11,88,49,Aymeric Laporte
83,right,DEF,83,78,73,68,86,77,81,82,79,83,84,75,67,15,75,84,Joao Moutinho
83,right,DEF,83,62,48,86,72,46,62,55,74,75,73,50,54,6,87,63,Ezequiel Garay
83,left,MID,83,86,73,57,84,84,87,89,72,81,86,85,82,11,42,85,Nicolas Gaitan
83,left,DEF,86,77,72,58,80,73,86,81,78,72,86,96,87,15,62,80,Douglas Costa
83,right,MID,87,84,75,52,84,69,84,85,87,82,85,78,74,14,54,85,Christian Eriksen
83,right,ATT,86,27,10,80,60,16,54,30,10,61,65,81,83,6,86,22,Konstantinos Manolas
83,right,DEF,84,14,11,14,25,11,15,18,11,26,24,38,47,83,12,42,Ralf Faehrmann
83,right,MID,83,78,80,55,83,70,84,81,57,74,85,86,79,11,32,74,Pedro Rodriguez
83,right,ATT,83,82,72,70,85,80,87,81,64,82,90,79,70,7,63,86,Arda Turan
83,right,ATT,83,63,42,68,79,59,58,63,50,75,82,69,67,10,87,68,Javier Mascherano
83,left,ATT,84,68,64,77,82,74,72,68,67,80,79,66,68,15,84,77,Nemanja Matic
83,right,MID,84,75,75,29,82,59,87,80,85,77,86,92,86,12,62,83,Willian
83,right,GK,87,84,71,62,85,56,80,85,73,86,86,76,72,12,51,88,Koke
83,right,ATT,83,11,11,12,33,13,12,17,12,34,15,55,54,81,12,49,Stephane Ruffier
83,right,DEF,83,58,48,84,74,38,60,38,52,64,70,63,67,6,84,57,Benedikt Hoewedes
83,right,GK,83,14,13,13,31,13,11,13,12,28,12,53,43,78,12,51,Steve Mandanda
83,left,ATT,83,85,66,69,79,54,83,80,67,76,86,78,83,5,83,70,Marcelo
83,right,DEF,83,38,36,87,71,30,39,39,45,58,65,29,33,13,88,58,Per Mertesacker
83,right,DEF,85,52,23,85,71,54,64,36,22,56,64,77,76,15,88,49,Chris Smalling
83,right,ATT,83,83,75,59,86,79,86,88,88,85,87,79,75,15,48,88,Dimitri Payet
83,left,ATT,83,83,77,63,86,71,85,83,83,77,88,78,63,10,28,88,Juan Mata
83,right,ATT,87,70,86,76,80,82,85,74,73,68,83,87,87,6,29,77,Alexandre Lacazette
83,left,ATT,83,63,46,76,80,54,69,42,45,78,76,72,68,6,87,69,Luiz Gustavo
83,right,ATT,83,61,86,85,72,83,79,73,46,63,81,77,85,5,47,72,Jackson Martinez
83,right,MID,83,45,49,85,66,31,57,34,27,62,66,64,65,4,87,47,Mehdi Benatia
83,right,MID,87,72,69,58,88,88,90,83,77,83,88,77,68,11,58,84,Thiago Alcantara
83,right,DEF,83,74,87,81,79,85,84,85,77,71,88,76,77,11,29,83,Jonas
83,right,MID,83,73,75,59,83,75,79,73,68,82,84,79,78,11,85,76,Radja Nainggolan
82,right,ATT,82,75,81,37,82,70,86,86,86,70,87,90,88,3,23,85,Sebastian Giovinco
82,right,GK,82,67,84,80,73,85,77,76,73,65,77,77,80,10,48,68,Demba Ba
82,right,DEF,86,79,70,56,80,74,87,78,75,72,88,93,85,4,24,82,Lorenzo Insigne
82,right,DEF,83,85,75,63,91,72,79,85,84,86,86,61,55,9,55,87,Daniel Parejo
82,right,ATT,82,75,49,76,72,53,73,68,66,64,76,72,73,14,85,66,Pablo Zabaleta
82,right,MID,87,51,58,80,75,51,49,55,47,69,67,70,72,9,82,52,Shkodran Mustafi
82,right,DEF,82,60,50,81,82,74,64,62,71,80,78,69,68,7,84,72,Daniele De Rossi
82,right,MID,84,78,75,48,80,72,87,70,58,66,84,91,90,12,30,78,Karim Bellarabi
82,right,MID,82,60,88,74,72,82,82,67,58,50,81,84,84,12,16,66,Carlos Bacca
82,left,MID,82,18,12,18,23,11,27,16,11,21,32,39,43,78,10,67,Julio Cesar
82,left,GK,82,66,54,79,84,76,73,67,67,85,83,42,45,10,84,76,Thiago Motta
82,right,DEF,82,14,12,12,26,12,16,17,15,32,24,52,58,80,11,31,Asmir Begovic
82,right,MID,82,28,56,86,65,47,58,48,27,61,64,69,70,12,85,56,Gary Cahill
82,right,MID,84,77,79,49,81,67,86,83,77,78,85,93,88,11,38,80,Yevheniy Konoplyanka
82,left,ATT,82,78,82,65,79,75,88,80,75,78,86,84,80,8,43,81,Hatem Ben Arfa
82,right,DEF,85,80,41,63,79,34,76,72,47,71,82,79,86,13,82,57,Daniel Carvajal
82,left,ATT,82,63,84,86,76,81,69,70,65,56,82,63,64,15,37,75,Olivier Giroud
82,right,GK,82,55,83,91,67,85,74,83,71,53,81,75,68,13,42,68,Radamel Falcao
82,right,ATT,84,78,46,69,80,54,70,66,58,74,77,79,79,9,87,68,Cesar Azpilicueta
82,left,MID,82,68,60,82,75,52,66,58,73,74,74,69,72,10,85,62,Jan Vertonghen
82,right,ATT,85,13,13,11,25,12,10,14,12,12,24,45,52,79,14,45,Kevin Trapp
82,right,ATT,82,78,77,74,86,79,82,80,72,78,85,75,77,6,64,84,Marek Hamsik
82,right,ATT,82,15,10,12,44,10,25,14,10,47,23,60,63,79,16,58,Fernando Muslera
82,right,ATT,86,13,11,15,29,13,12,13,14,26,16,43,60,84,12,55,Jan Oblak
82,left,MID,82,13,12,25,21,14,25,25,13,22,23,65,63,75,11,65,Iker Casillas
82,right,ATT,82,62,85,90,71,85,73,53,45,41,77,73,77,8,38,62,Mario Mandzukic
82,left,DEF,86,19,18,16,32,13,15,15,14,31,21,60,64,79,15,52,Anthony Lopes
82,right,ATT,83,64,45,81,77,38,61,63,69,81,69,63,69,6,87,60,Toby Alderweireld
82,right,GK,83,13,13,10,40,8,15,12,13,31,25,48,54,82,19,58,Yann Sommer
82,left,MID,86,68,49,62,85,50,70,68,70,89,80,48,54,8,75,86,Granit Xhaka
82,right,DEF,83,69,59,78,80,57,73,49,47,74,76,66,69,6,85,76,Lars Bender
82,right,DEF,82,75,81,37,82,70,86,86,86,70,87,90,88,3,23,85,Sebastian Meoli
82,right,ATT,86,70,82,71,82,78,87,78,67,74,83,78,75,11,52,83,Roberto Firmino
82,right,MID,82,55,86,95,69,82,73,62,55,47,78,72,74,10,45,74,Aritz Aduriz
82,right,DEF,83,52,43,78,77,54,58,33,40,73,70,64,67,7,86,66,Sven Bender
82,right,DEF,83,60,76,45,83,74,87,77,63,76,84,87,74,9,24,80,Shinji Kagawa
82,left,MID,82,24,20,20,33,25,14,24,21,33,15,55,54,76,13,64,Diego Alves
82,left,ATT,85,86,59,64,77,61,82,73,59,69,81,87,89,7,80,70,Alex Sandro
82,left,MID,82,79,52,82,66,68,45,79,70,76,65,72,79,14,85,42,Jeremy Mathieu
82,right,ATT,86,70,75,54,83,63,82,77,77,80,84,78,77,10,50,83,Oscar
82,right,MID,82,78,69,61,88,70,82,78,76,86,88,74,68,4,66,87,Borja Valero
82,left,DEF,82,91,70,74,81,63,77,81,82,74,76,76,75,15,82,76,Leighton Baines
82,right,ATT,87,15,14,10,30,14,17,18,12,38,18,38,50,80,13,57,Marc-Andre ter Stegen
82,right,ATT,84,59,42,83,81,40,63,46,62,85,77,66,73,14,87,73,Grzegorz Krychowiak
82,left,DEF,88,68,84,80,67,71,76,64,66,58,76,80,85,15,30,69,Romelu Lukaku
82,right,MID,85,75,75,58,83,79,81,70,70,80,82,69,69,11,74,81,Aaron Ramsey
82,right,DEF,82,13,10,11,23,12,15,11,11,28,18,50,51,79,11,46,Salvatore Sirigu
82,right,DEF,82,82,75,46,81,75,87,86,79,79,86,86,82,10,22,80,Nani
82,right,GK,82,29,11,86,59,17,51,35,26,59,59,59,65,14,85,23,Kamil Glik
82,right,GK,88,69,85,81,75,70,77,71,71,63,81,69,77,10,36,72,Harry Kane
82,right,DEF,84,65,64,65,82,56,73,68,61,81,79,69,59,11,84,73,Morgan Schneiderlin
82,left,MID,82,82,59,66,75,56,77,74,75,77,78,78,85,15,82,70,Filipe Luis
82,right,ATT,82,80,76,42,85,73,85,78,79,75,87,81,78,1,37,85,Samir Nasri
82,right,MID,82,62,89,82,69,79,75,67,52,55,79,87,85,12,29,72,Javier Hernandez
82,right,ATT,82,68,38,59,80,37,78,57,41,77,80,80,76,5,85,73,Lassana Diarra
82,right,MID,82,83,72,32,86,80,83,88,85,83,85,72,73,5,41,85,Wesley Sneijder
82,right,MID,89,36,40,83,72,42,57,46,54,74,75,78,80,11,85,56,Raphael Varane
82,right,DEF,82,11,15,11,30,11,16,11,15,37,19,61,52,78,14,54,Keylor Navas
82,right,DEF,85,78,77,65,85,80,87,78,72,75,85,78,77,13,35,81,Julian Draxler
82,right,MID,84,72,72,46,79,74,92,84,78,74,87,87,76,16,42,80,Yacine Brahimi
82,left,DEF,86,92,59,74,81,66,78,82,84,78,80,74,76,13,83,75,Ricardo Rodriguez
82,right,MID,82,68,27,70,82,27,69,53,56,81,79,52,49,6,87,79,Jeremy Toulalan
82,right,DEF,82,80,45,68,75,62,74,70,66,71,75,79,85,3,80,62,Stephan Lichtsteiner
82,right,MID,82,81,82,45,80,65,85,83,80,67,83,79,76,15,39,81,Nolito
82,right,MID,82,69,64,82,74,44,62,59,51,77,74,69,74,7,86,63,Loic Perrin
81,right,ATT,82,69,71,77,83,67,83,69,68,78,85,67,74,7,73,78,Axel Witsel
81,right,ATT,87,47,37,78,68,30,47,36,44,58,55,71,73,11,85,27,Jose Gimenez
81,right,DEF,81,81,78,88,87,55,79,74,68,85,85,68,65,16,71,82,Raul Garcia
81,left,DEF,87,19,13,14,35,14,20,12,15,32,22,45,51,79,13,55,Timo Horn
81,left,MID,83,64,51,76,71,32,55,48,39,67,67,64,67,8,84,53,Aymen Abdennour
81,right,MID,81,68,52,54,83,78,67,71,76,82,84,74,69,12,82,78,Lucas Biglia
81,right,GK,81,10,12,11,27,10,12,11,12,36,27,60,55,78,12,38,Victor Valdes
81,right,DEF,81,75,71,58,77,73,90,71,69,70,85,91,93,5,45,68,Juan Cuadrado
81,right,GK,83,54,36,88,77,50,63,63,22,77,71,67,77,15,84,72,Joel Matip
81,right,DEF,81,72,84,81,72,82,75,76,69,62,77,71,70,15,41,72,Andre-Pierre Gignac
81,right,DEF,81,79,67,45,87,65,81,82,78,83,84,67,63,8,75,86,Ever Banega
81,left,MID,81,74,60,55,85,69,81,70,71,80,85,85,82,10,74,82,Andres Guardado
81,right,DEF,81,11,14,15,35,12,13,12,11,33,12,49,53,80,11,44,Benoit Costil
81,right,MID,81,86,74,55,81,75,83,76,71,71,86,80,83,4,46,80,Antonio Candreva
81,right,ATT,82,17,10,12,47,19,12,10,10,33,32,54,50,84,12,60,Jasper Cillessen
81,right,DEF,81,36,40,77,63,34,59,33,32,54,64,55,54,11,85,55,Jose Fonte
81,right,MID,81,55,30,79,71,44,49,55,31,66,62,66,68,33,85,39,Phil Jagielka
81,right,ATT,81,73,80,63,83,75,86,80,73,77,83,77,72,10,42,81,Raffael
81,right,ATT,81,32,37,82,70,34,57,34,23,74,69,68,72,10,85,53,Ashley Williams
81,right,ATT,81,39,35,86,65,43,46,33,27,62,59,54,68,5,85,28,Martin Skrtel
81,left,MID,81,84,58,67,81,47,75,82,59,77,80,84,85,14,80,70,Benoit Tremoulinas
81,right,GK,85,35,34,81,67,27,47,34,28,69,68,65,67,13,82,41,Stefan Savic
81,right,ATT,81,11,14,13,19,11,10,11,11,22,23,50,63,76,22,65,Pepe Reina
81,right,ATT,81,75,74,65,75,80,82,65,65,51,84,89,90,5,32,74,Jose Maria Callejon
81,right,ATT,81,91,58,54,88,76,78,92,93,90,86,47,33,4,50,94,Andrea Pirlo
81,right,GK,81,10,19,10,39,11,11,14,71,28,23,50,54,80,12,58,Vincent Enyeama
81,right,ATT,81,70,83,60,76,76,86,73,70,55,87,83,85,7,30,71,Jeremy Menez
81,right,ATT,81,82,69,60,84,62,82,79,75,80,82,76,72,8,71,80,Gonzalo Castro
81,left,ATT,82,84,63,61,83,78,81,84,80,86,85,59,50,10,70,85,Nuri Sahin
81,right,ATT,87,49,25,76,70,27,61,45,16,71,72,69,66,10,86,50,Stefan de Vrij
81,right,ATT,81,67,83,88,66,77,77,75,82,60,80,67,66,11,32,79,Didier Drogba
81,right,MID,82,57,58,79,86,47,68,69,67,83,79,63,65,12,84,80,Ander Iturraspe
81,left,MID,86,76,80,62,75,76,85,71,63,75,85,86,87,6,30,77,Domenico Berardi
81,right,DEF,84,76,69,50,77,70,88,69,74,74,84,95,91,10,43,70,Lucas Moura
81,right,ATT,86,79,65,75,78,50,76,69,30,71,78,84,85,10,81,71,Serge Aurier
81,right,ATT,85,55,48,80,77,36,43,53,45,70,72,66,68,11,83,64,Mateo Pablo Musacchio
81,right,GK,81,38,38,85,70,22,60,50,46,76,72,68,68,4,86,60,Gonzalo Rodriguez
81,right,DEF,82,74,71,58,88,67,83,76,65,80,87,78,72,12,64,85,Ander Herrera
81,right,DEF,82,24,14,13,39,22,15,23,22,39,14,59,54,79,15,46,Sergio Asenjo
81,right,ATT,84,79,76,55,79,74,85,74,50,64,79,90,92,13,26,78,Patrick Herrmann
81,right,MID,81,63,86,85,73,87,69,73,64,44,75,65,67,12,33,61,Klaas Jan Huntelaar
81,left,DEF,81,12,12,11,31,17,20,10,16,30,23,50,53,80,13,18,Rui Patricio
81,left,MID,81,81,80,54,83,79,82,76,69,69,83,75,73,7,38,80,Max Kruse
81,right,MID,81,38,27,77,71,31,54,53,45,65,67,60,62,6,85,49,Raul Albiol
81,right,MID,81,77,76,52,84,86,82,84,70,73,84,67,69,5,31,86,Kaka
81,right,GK,81,83,56,53,73,49,77,80,59,66,79,79,89,14,83,72,Juanfran
81,left,DEF,85,78,79,45,77,71,88,78,66,74,87,86,79,9,27,82,Riyad Mahrez
81,right,MID,86,57,55,74,81,56,78,62,44,78,79,52,56,6,86,67,William Carvalho
81,right,MID,81,78,74,35,80,70,87,80,77,74,87,92,86,10,42,80,Dries Mertens
81,right,ATT,83,49,28,82,75,55,62,44,33,68,71,74,76,8,84,58,Omer Toprak
81,left,DEF,87,72,87,60,78,80,89,81,82,58,90,90,85,11,21,79,Paulo Dybala
81,right,ATT,83,80,73,60,75,71,87,57,68,69,84,86,92,7,32,76,Sofiane Feghouli
81,right,GK,81,11,10,13,24,13,11,24,66,26,19,51,54,78,14,52,Danijel Subasic
81,right,ATT,81,34,26,85,57,35,43,42,32,57,56,49,54,4,84,44,Nemanja Vidic
81,right,MID,81,71,86,69,74,78,82,83,80,61,84,75,72,9,28,71,David Villa
81,right,ATT,83,81,79,65,80,55,85,71,62,77,83,79,81,16,21,78,Vitolo
81,right,ATT,81,86,76,75,83,80,74,84,82,86,82,55,54,15,69,78,Steven Gerrard
81,right,ATT,82,83,76,78,79,83,82,73,76,76,81,83,84,7,35,79,Ivan Perisic
81,right,ATT,81,62,86,83,69,78,74,68,36,50,75,68,75,8,24,62,Mario Gomez
81,right,MID,82,81,65,67,77,64,78,42,35,70,77,79,80,15,84,70,Seamus Coleman
81,right,ATT,86,11,11,12,33,19,19,15,13,31,23,57,56,78,12,44,Mattia Perin
81,right,DEF,83,78,38,71,74,59,76,69,35,68,76,79,80,7,85,63,Matteo Darmian
81,left,ATT,81,77,82,75,74,88,82,86,81,70,84,66,64,10,32,80,Robin van Persie
81,right,GK,81,53,72,81,81,66,67,66,70,82,80,58,57,11,84,74,Vicente Iborra
81,right,MID,81,78,82,55,77,72,80,77,74,65,78,95,96,8,39,74,Theo Walcott
81,left,DEF,82,60,23,71,75,20,50,50,30,66,61,64,68,12,84,49,Mamadou Sakho
81,left,DEF,81,58,66,61,86,48,74,72,77,84,82,52,55,10,84,81,Bruno Soriano
81,right,ATT,87,72,33,78,77,31,65,49,32,73,76,73,73,6,85,51,Marquinhos
81,right,MID,87,71,73,38,77,59,86,64,49,67,84,94,92,12,58,76,Raheem Sterling
81,left,DEF,81,53,82,82,76,82,73,68,69,66,81,67,68,6,34,68,Alvaro Negredo
81,right,DEF,81,55,31,74,78,61,60,35,45,76,74,77,76,7,84,74,Gary Medel
81,right,MID,81,67,67,51,85,64,73,86,75,84,78,66,66,12,77,79,Gabi
81,left,ATT,82,74,78,64,77,84,82,80,71,63,81,87,85,14,22,78,Carlos Vela
81,right,MID,81,64,65,76,83,78,76,68,58,79,79,65,69,9,84,78,Sami Khedira
81,left,ATT,81,80,33,76,75,53,74,76,51,69,75,79,77,5,84,62,Patrice Evra
81,left,MID,84,73,64,58,84,64,84,80,72,83,84,79,74,15,63,85,Jack Wilshere
80,right,DEF,80,69,84,73,76,80,80,78,72,71,80,73,75,10,39,75,Samuel Eto'o
80,right,ATT,81,61,48,80,78,47,58,39,54,79,69,62,64,10,85,62,Daniel Carrico
80,left,ATT,85,64,51,78,78,70,69,62,63,71,73,76,77,10,78,56,Samuel Umtiti
80,left,DEF,85,68,77,59,75,69,86,59,60,63,86,92,91,14,43,71,Mohamed Salah
80,left,MID,80,63,56,84,78,56,61,61,66,74,69,72,68,10,82,63,Thomas Vermaelen
80,right,DEF,80,24,14,13,30,23,12,25,25,24,20,32,49,81,15,52,Francisco Casilla
80,left,DEF,80,65,66,68,84,77,85,65,55,79,84,78,77,14,77,76,Moussa Dembele
80,right,GK,80,64,58,84,75,59,70,51,58,75,70,72,74,14,83,66,Aurelien Chedjou
80,right,GK,80,68,37,76,65,65,60,72,41,65,65,79,83,3,85,58,Martin Caceres
80,right,DEF,81,34,34,84,63,46,55,51,61,47,72,48,65,13,86,34,Aderlan Santos
80,right,MID,87,72,78,42,77,55,85,74,66,64,86,90,85,7,23,70,Jese Rodriguez
80,right,ATT,88,41,33,74,71,36,52,42,43,56,59,79,83,14,83,35,Eric Bertrand Bailly
80,right,MID,85,67,82,70,71,76,84,75,43,51,85,83,87,4,19,70,Alvaro Morata
80,left,ATT,80,61,48,83,75,44,60,51,60,75,72,53,55,8,83,62,Dante
80,right,MID,86,78,72,55,84,68,82,73,67,77,84,75,77,15,75,78,Joao Mario
80,right,MID,81,61,55,78,80,60,67,57,57,78,75,68,67,11,83,65,Maxime Gonalons
80,left,DEF,80,81,39,67,77,56,74,74,59,61,77,79,75,5,84,66,Nacho Monreal
80,right,DEF,80,86,68,69,85,79,77,81,79,82,78,72,70,1,68,78,James Milner
80,left,MID,82,69,66,64,83,57,74,75,73,83,82,66,68,12,80,81,Kevin Strootman
80,right,DEF,80,80,63,51,85,78,84,83,85,80,87,65,65,11,41,86,Hernanes
80,right,MID,84,64,50,77,75,60,60,38,35,67,69,63,68,8,84,59,Phil Jones
80,right,DEF,80,33,53,84,63,35,42,34,24,69,54,54,64,12,83,50,Ryan Shawcross
80,right,MID,80,31,55,82,76,47,55,38,39,75,67,51,64,13,84,53,Marko Basa
80,right,MID,85,69,66,76,84,74,76,75,72,80,80,75,72,14,74,83,Manuel Trigueros
80,left,ATT,84,75,75,71,81,80,87,83,79,73,84,84,77,15,42,79,Erik Lamela
80,left,ATT,85,78,81,69,81,68,80,79,76,67,81,82,81,7,50,80,Kevin Volland
80,right,DEF,86,73,82,60,74,68,83,75,76,69,82,86,89,13,24,76,Quincy Promes
80,right,DEF,81,45,83,84,68,76,74,66,58,45,76,69,75,8,42,65,Wilfried Bony
80,right,MID,80,74,40,79,65,56,74,66,47,64,75,75,75,9,83,59,Bacary Sagna
80,right,MID,80,11,13,11,24,13,14,10,12,22,22,38,42,79,13,53,Cedric Carrasso
80,left,GK,82,79,70,51,83,64,83,83,79,83,82,81,78,9,49,84,Rafael
80,right,DEF,80,68,70,55,82,76,78,70,71,81,76,77,77,11,81,75,Fernandinho
80,right,GK,81,48,59,85,84,69,62,32,45,80,74,48,56,6,84,59,Mikel San Jose
80,right,DEF,80,79,66,47,77,79,83,80,46,74,81,91,88,10,20,76,Jesus Navas
80,right,DEF,86,53,84,78,72,85,72,66,59,51,81,76,76,14,21,63,Francisco Alcacer
80,right,MID,84,79,70,64,74,80,73,75,54,69,77,81,82,12,80,57,Mario Gaspar
80,right,DEF,80,80,62,83,77,43,72,70,36,66,79,75,77,9,82,60,Coke
80,right,MID,80,74,72,75,81,76,75,67,55,80,79,72,76,9,78,78,Marco Parolo
80,left,ATT,81,54,37,77,75,39,53,67,46,70,71,63,66,8,84,56,Victor Ruiz
80,right,DEF,88,65,70,65,84,61,85,56,56,78,84,79,78,14,60,81,Ross Barkley
80,right,MID,81,76,81,66,82,80,78,78,69,65,80,72,68,10,65,81,Lars Stindl
80,right,ATT,81,79,59,59,77,57,76,78,53,69,81,85,92,6,80,66,Oscar de Marcos
80,right,ATT,81,54,32,81,75,37,42,52,54,70,67,62,69,10,84,49,Simon Kjaer
80,right,ATT,84,74,82,71,74,78,80,76,54,66,81,87,88,13,29,73,Cedric Bakambu
80,right,MID,83,50,43,77,79,43,62,56,45,73,78,71,70,15,87,43,Marc Bartra
80,right,GK,82,72,79,75,81,81,85,79,72,70,87,77,77,7,32,79,Stevan Jovetic
80,right,ATT,80,58,78,92,74,79,73,65,47,59,74,69,76,9,48,72,Islam Slimani
80,right,DEF,80,45,32,81,65,28,43,34,37,59,57,49,51,8,87,46,Martin Stranzl
80,right,GK,84,80,54,66,76,45,78,64,39,67,76,86,86,11,83,64,Nathaniel Clyne
80,right,ATT,80,83,72,50,80,77,82,86,85,82,83,79,78,15,65,84,Jose Sosa
80,right,DEF,80,46,38,83,57,27,54,30,35,53,60,55,69,16,85,51,Jardel
80,right,DEF,81,78,70,61,82,77,80,75,78,84,84,60,60,6,75,82,Adrien Silva
80,left,ATT,80,71,35,81,75,49,44,74,74,77,69,48,65,12,83,63,Holger Badstuber
80,right,ATT,80,80,69,58,80,72,80,82,80,75,83,90,82,12,26,79,Mathieu Valbuena
80,right,ATT,82,70,60,59,82,56,77,65,49,76,78,79,76,13,84,79,Allan
80,left,ATT,84,74,74,37,80,76,84,82,78,75,83,89,84,12,52,79,Xherdan Shaqiri
80,right,ATT,83,78,61,59,83,74,84,79,72,77,85,85,85,10,70,82,Roberto Pereyra
80,left,MID,80,71,79,67,83,79,85,78,65,74,89,69,69,15,40,83,Franco Vazquez
80,right,MID,80,61,63,75,84,67,72,78,68,83,84,57,58,8,79,82,Tiago
80,right,DEF,80,82,69,48,85,62,73,83,86,86,79,68,59,10,76,84,Benat Etxebarria
80,right,MID,80,70,80,82,80,75,83,72,73,67,82,72,72,7,45,76,Clint Dempsey
80,right,ATT,84,74,70,71,78,72,78,74,76,77,79,78,84,5,81,77,Danilo
80,right,GK,80,28,46,83,64,30,43,33,38,63,57,71,76,15,85,44,Winston Reid
80,right,DEF,80,69,60,86,82,59,66,68,63,76,74,61,65,6,79,73,Javi Garcia
80,right,DEF,80,76,67,75,83,69,82,69,50,74,82,86,89,6,82,76,Ramires
80,right,ATT,80,86,70,41,78,80,88,92,78,72,87,85,83,14,17,79,Ricardo Quaresma
80,right,MID,85,49,88,79,69,80,74,55,45,53,78,77,79,9,21,63,Mauro Icardi
80,right,DEF,82,60,33,74,77,64,64,37,28,76,78,73,78,7,82,67,Nicolas N'Koulou
80,right,MID,80,61,54,60,77,53,62,70,62,75,74,68,63,13,84,69,Javi Fuego
80,right,MID,85,45,22,82,59,28,49,29,23,59,61,63,69,9,85,31,Nikola Maksimovic
80,right,MID,80,80,73,42,79,65,87,74,67,70,84,84,76,10,66,78,Vieirinha
80,right,GK,82,78,53,60,75,71,81,69,59,66,80,91,93,11,77,63,Bruno Peres
80,right,DEF,87,79,74,40,73,55,89,84,75,60,86,89,92,16,30,69,Gerard Deulofeu
80,right,MID,85,75,75,44,74,64,83,79,70,66,82,88,82,5,55,72,Iker Muniain
80,left,MID,84,51,42,76,69,37,53,72,51,75,67,73,75,16,82,46,Inigo Martinez
80,right,ATT,80,81,61,74,75,66,74,73,47,68,76,75,82,11,84,66,Lukasz Piszczek
80,right,DEF,80,82,78,64,80,76,84,77,74,77,82,89,87,10,55,67,Kevin Mirallas
80,left,ATT,80,79,76,58,82,80,83,77,84,73,87,69,74,13,34,82,Josip Ilicic
80,right,GK,83,15,8,17,37,13,16,13,12,24,23,49,53,79,13,47,Roman Buerki
80,right,ATT,80,68,38,83,70,38,65,69,60,69,73,49,52,9,83,60,Vedran Corluka
80,left,MID,80,12,17,13,36,13,18,14,16,37,22,30,33,80,10,60,Emiliano Viviano
80,right,ATT,80,13,14,10,39,18,13,12,13,36,20,46,37,78,12,38,Rene Adler
80,right,ATT,83,30,19,77,56,14,54,28,28,48,57,69,78,11,83,34,Kalidou Koulibaly
80,right,ATT,80,68,85,63,81,84,82,82,63,63,86,73,68,9,26,82,Robbie Keane
80,right,ATT,83,58,81,85,72,74,75,60,67,48,81,75,79,5,30,73,Christian Benteke
80,right,MID,80,75,72,63,71,70,84,69,43,67,79,91,92,5,29,74,Gervinho
80,right,ATT,80,63,81,80,72,74,74,65,54,59,78,68,65,11,28,70,Edin Dzeko
80,right,DEF,81,15,10,13,25,12,12,11,10,22,22,46,50,80,12,39,Ron-Robert Zieler
80,right,ATT,80,61,83,81,75,71,73,66,51,60,76,89,89,10,24,71,Loic Remy
80,right,GK,80,77,71,70,84,73,75,80,81,82,83,66,68,9,75,82,Yohan Cabaye
80,right,MID,84,49,50,81,79,54,75,46,62,76,77,67,68,7,85,65,Danilo Pereira
80,right,DEF,82,71,75,65,83,66,77,78,57,79,80,75,73,11,75,77,Andre Andre
80,right,DEF,80,44,82,90,69,80,69,60,40,49,79,52,62,2,25,70,Fernando Llorente
80,right,ATT,83,68,71,42,81,79,83,83,66,77,83,80,75,14,22,86,Bojan Krkic
80,left,MID,80,78,65,71,75,64,81,78,60,69,79,78,78,13,77,69,Fabio Coentrao
80,right,DEF,85,14,18,14,35,14,16,12,14,37,23,48,50,74,11,45,Loris Karius
80,right,DEF,80,10,10,10,31,19,10,15,15,27,23,48,34,77,17,46,Andrea Consigli
80,right,MID,80,72,59,73,86,67,71,64,59,85,80,53,52,12,77,85,Michael Carrick
80,right,ATT,87,61,68,69,86,63,86,81,68,80,84,74,73,9,75,82,Andre Gomes
80,right,MID,88,20,19,14,41,16,12,16,16,32,22,54,52,79,18,34,Alphonse Areola
80,right,ATT,82,50,58,83,81,52,64,62,59,74,75,68,63,13,82,80,Ignacio Camacho
80,right,MID,85,80,72,53,77,68,85,81,78,72,82,87,88,11,39,74,Yannick Ferreira-Carrasco
80,right,DEF,82,79,74,58,81,72,83,75,78,77,83,83,79,14,63,78,Giacomo Bonaventura
80,right,ATT,80,14,8,15,32,12,13,12,13,31,20,42,44,78,13,37,Diego Benaglio
80,left,ATT,85,84,56,60,78,59,77,80,49,81,76,85,90,10,79,70,Jose Gaya
80,right,DEF,80,78,83,82,85,82,81,78,65,76,88,54,60,6,14,82,Dimitar Berbatov
80,right,MID,80,13,14,17,39,12,18,12,14,35,35,57,59,75,11,32,Michel Vorm
80,right,DEF,80,85,75,58,79,69,84,81,80,73,83,85,86,12,43,78,Jefferson Farfan
80,right,DEF,80,74,73,67,83,72,85,77,66,74,82,76,70,15,52,83,Adam Lallana
80,left,GK,88,81,71,76,81,61,76,73,53,71,80,82,76,10,79,75,Lavyin Kurzawa
80,right,GK,80,74,75,70,75,61,86,84,79,58,84,86,78,7,37,74,Fabian Orellana
80,right,DEF,80,11,11,12,31,13,13,16,12,35,24,46,34,78,14,62,Miguel Angel Moya
80,right,MID,80,72,57,87,68,48,58,70,48,56,66,63,66,9,87,57,Branislav Ivanovic
80,right,ATT,82,68,81,73,75,75,83,82,63,53,82,87,85,7,23,66,Alexandre Pato
80,right,MID,83,68,65,63,82,61,78,64,64,83,77,75,69,11,79,75,James McCarthy
80,right,ATT,80,76,71,65,82,75,84,73,81,77,81,75,76,13,75,80,Fredy Guarin
80,right,MID,80,15,14,19,39,13,12,14,14,38,31,45,48,71,15,45,Roberto
80,right,MID,84,67,76,72,79,73,86,76,71,66,84,79,85,6,55,76,Georginio Wijnaldum
79,right,DEF,85,70,73,51,70,77,84,80,63,57,87,86,86,3,30,73,Stephan El Shaarawy
79,right,DEF,80,79,73,45,82,76,81,85,76,79,82,84,77,14,64,80,Pizzi
79,right,MID,79,78,62,49,87,57,74,84,85,88,80,47,33,13,75,85,Roberto Trashorras
79,left,DEF,79,76,56,66,74,60,74,73,51,77,77,80,82,10,79,71,Domenico Criscito
79,right,MID,79,87,69,56,80,68,85,89,77,79,83,76,79,14,41,81,Joaquin
79,right,DEF,79,79,71,59,82,69,82,77,70,83,83,83,81,14,69,79,Manuel Fernandes
79,right,MID,81,59,33,75,70,42,64,26,18,68,67,55,52,14,85,56,Dejan Lovren
79,left,MID,80,78,73,71,77,72,82,81,58,63,78,90,83,8,35,74,Pablo Piatti
79,left,ATT,88,68,67,83,85,30,76,63,60,78,82,76,74,13,81,73,Saul Niguez
79,right,ATT,86,74,69,44,84,68,84,82,72,72,85,79,80,14,46,83,Denis Suarez
79,right,DEF,79,62,83,79,74,80,77,71,42,50,81,78,78,10,28,66,Luiz Adriano
79,left,DEF,84,46,27,79,69,32,35,29,32,63,66,66,74,16,84,46,Matija Nastasic
79,right,MID,79,83,81,42,90,90,80,75,79,85,90,43,34,12,24,90,Francesco Totti
79,left,MID,79,15,18,14,36,14,14,15,17,32,25,50,48,78,15,42,Ben Foster
79,right,GK,81,83,62,57,84,69,81,80,76,78,85,72,68,15,58,83,Jonathan dos Santos
79,left,DEF,79,51,25,78,60,30,59,51,36,58,57,69,73,3,84,28,Angelo Obinze Ogbonna
79,right,GK,83,67,65,54,80,56,75,49,49,78,78,81,80,12,86,76,N'Golo Kante
79,right,DEF,79,74,60,68,85,77,64,88,89,84,81,63,66,12,76,85,Rasmus Elm
79,right,DEF,83,69,77,77,78,76,81,61,62,64,79,87,85,10,38,72,Danny Welbeck
79,right,MID,79,11,12,10,28,14,11,10,11,23,23,34,52,76,13,53,Diego Lopez
79,left,DEF,79,70,77,52,78,69,82,77,78,75,84,86,84,13,45,75,Zoran Tosic
79,right,MID,79,62,84,88,69,76,68,65,50,42,76,69,69,13,26,64,Miroslav Klose
79,right,ATT,83,36,25,77,68,36,60,33,29,49,64,71,75,8,85,52,Paulo Oliveira
79,right,DEF,79,49,51,81,73,37,49,36,40,67,63,46,49,9,83,49,Andreas Granqvist
79,left,MID,80,71,82,68,77,77,81,81,78,70,82,76,78,8,24,76,Lucas Perez
79,right,ATT,80,59,46,75,81,52,77,73,42,74,81,65,66,16,80,68,Steven Nzonzi
79,right,ATT,79,81,76,63,80,87,83,71,65,61,81,80,86,16,39,77,Jeremain Lens
79,left,ATT,79,78,57,70,75,51,72,62,45,72,74,79,78,15,77,71,Cristian Daniel Ansaldi
79,left,MID,79,82,70,55,81,69,86,85,77,79,85,77,66,10,27,77,Jose Antonio Reyes
79,right,GK,84,65,82,73,62,73,78,61,46,36,79,80,84,10,26,63,Michy Batshuayi
79,right,ATT,83,17,12,19,37,19,15,13,16,38,34,57,45,76,18,57,Jeroen Zoet
79,right,ATT,79,74,79,80,78,82,74,75,65,58,79,67,68,13,41,78,Roberto Soldado
79,right,ATT,79,75,73,57,80,71,75,76,70,73,80,81,82,7,43,82,Landon Donovan
79,right,GK,81,11,15,14,36,12,19,12,13,36,24,53,49,75,15,58,Neto
79,right,ATT,79,76,60,60,84,76,76,79,76,86,84,55,60,5,66,84,Riccardo Montolivo
79,left,ATT,79,50,33,77,74,55,56,48,28,68,68,68,67,15,84,59,Hector Moreno
79,left,ATT,86,75,72,51,80,65,83,75,63,76,80,81,77,10,44,80,Bernardo Silva
79,right,ATT,79,46,85,79,69,79,76,69,77,54,79,74,70,15,46,74,Ricardo Oliveira
79,right,ATT,83,57,37,83,69,44,65,38,26,67,67,72,78,13,82,54,Jeison Murillo
79,right,MID,79,57,47,78,83,56,48,69,62,70,67,52,36,16,83,38,Carlos Gurpegi
79,right,MID,83,70,57,56,85,71,71,75,76,82,82,77,77,7,75,82,Jorginho
79,left,DEF,79,80,56,74,83,65,64,78,78,81,73,32,51,13,80,74,Gareth Barry
79,right,ATT,79,87,74,45,87,81,86,80,79,81,90,42,37,10,15,87,Antonio Cassano
79,left,ATT,83,74,77,38,86,64,81,81,78,73,82,72,70,12,23,83,Sergio Canales
79,left,GK,79,13,17,12,36,12,11,14,12,35,20,55,50,74,12,45,Federico Marchetti
79,right,DEF,80,63,71,79,80,74,76,65,56,75,80,76,78,15,75,74,Paulinho
79,right,DEF,79,64,61,83,79,67,69,55,56,76,76,72,69,8,81,73,Felipe Melo
79,right,ATT,80,79,66,57,80,60,86,72,64,69,87,85,79,8,31,82,Diego Perotti
79,right,MID,79,58,59,87,77,46,65,53,32,72,74,54,64,9,80,69,Pontus Wernbloom
79,right,DEF,82,79,74,67,74,72,86,75,64,70,83,90,87,11,38,70,Eduardo Salvio
79,right,MID,82,73,77,47,77,74,83,75,76,70,85,82,79,14,35,80,Adem Ljajic
79,right,MID,79,77,73,45,82,67,84,79,76,79,78,82,76,14,42,81,Mbark Boussoufa
79,right,MID,79,74,83,78,78,79,83,77,67,65,86,83,79,14,33,76,Rodrigo Palacio
79,left,GK,79,14,11,17,31,11,12,14,10,20,19,20,26,81,17,32,Roman Weidenfeller
79,right,DEF,79,63,82,64,66,75,76,52,48,48,75,91,93,14,58,69,Jamie Vardy
79,right,MID,79,68,85,88,76,82,69,66,49,59,71,63,67,7,50,75,Stefan Kiessling
79,right,MID,79,77,65,46,83,71,82,81,70,80,85,66,67,11,45,82,Tomas Rosicky
79,right,ATT,81,78,81,60,80,74,76,83,86,75,82,67,67,8,53,84,Gylfi Sigurdsson
79,right,DEF,79,60,84,73,69,72,83,72,69,45,79,82,79,8,12,74,Ruben Castro
79,right,ATT,79,66,42,66,78,38,68,58,62,75,74,64,63,9,79,73,Rio Mavuba
79,right,GK,80,47,29,85,50,32,39,33,58,69,41,67,74,5,85,44,Neven Subotic
79,left,ATT,81,75,80,58,79,73,77,78,74,73,81,74,76,11,42,77,Daniel Didavi
79,left,MID,83,50,81,80,65,76,76,71,56,45,79,79,79,13,34,66,Simone Zaza
79,left,ATT,82,59,27,83,61,44,56,47,48,59,66,70,78,13,79,47,Eliaquim Mangala
79,right,ATT,79,81,66,53,83,80,84,85,85,82,83,75,74,6,36,80,Diego
79,right,ATT,84,73,71,44,75,61,87,71,69,69,86,93,91,10,34,70,Felipe Anderson
79,right,ATT,79,29,44,76,71,55,57,39,69,72,64,55,66,9,83,59,Ron Vlaar
79,left,MID,79,60,80,85,67,78,80,73,71,59,81,55,66,7,26,67,Konstantinos Mitroglou
79,right,ATT,79,66,80,68,78,73,84,83,63,69,81,77,75,5,29,76,Sergio Garcia
79,left,DEF,79,82,64,44,75,53,87,84,64,60,78,92,85,6,34,76,Ibrahima Traore
79,right,ATT,82,60,45,60,78,43,74,55,41,73,79,69,70,9,80,74,Francis Coquelin
79,right,GK,79,32,40,80,56,36,54,47,70,56,58,50,52,6,82,35,Alex
79,right,MID,79,63,75,59,78,79,82,83,72,62,84,77,72,12,25,83,Thierry Henry
79,right,DEF,79,77,66,73,83,70,83,82,81,84,84,68,68,7,55,83,Yoann Gourcuff
79,right,DEF,79,50,33,82,76,50,63,37,45,78,74,67,66,10,82,57,Serdar Tasci
79,left,ATT,80,86,61,61,77,71,77,76,77,73,75,85,79,14,82,66,Jefferson Nascimento
79,left,MID,81,76,47,68,78,47,77,64,52,65,77,79,83,11,82,69,Kieran Gibbs
79,right,DEF,87,11,16,12,36,12,21,12,14,40,26,51,48,77,13,34,Jack Butland
79,left,DEF,81,65,46,69,83,62,73,70,55,80,80,65,58,9,84,77,Daley Blind
79,left,MID,80,78,67,54,79,78,84,71,68,73,81,79,83,4,66,74,Kwadwo Asamoah
79,right,ATT,79,68,77,75,77,81,82,80,63,51,80,77,79,13,22,76,Fernando Torres
79,right,MID,83,75,75,61,78,80,83,77,70,60,78,91,86,11,32,75,Andre Schuerrle
79,left,ATT,80,25,37,75,70,39,57,62,56,75,67,55,54,9,83,52,Francesco Acerbi
79,left,MID,84,80,66,59,77,72,85,77,70,80,85,86,87,10,38,75,Gokhan Tore
79,left,DEF,84,82,72,48,77,68,83,77,66,60,80,90,90,14,44,73,Filip Kostic
79,left,ATT,80,74,81,61,73,79,85,73,80,71,85,87,86,9,28,70,Giovani dos Santos
79,right,ATT,79,78,58,72,76,64,76,72,66,74,78,79,82,6,82,56,Dusan Basta
79,right,DEF,79,70,82,67,79,77,74,76,69,71,80,82,77,10,34,76,Kevin Gameiro
79,right,MID,82,75,76,70,82,87,78,73,79,75,83,86,84,8,77,75,Alessandro Florenzi
79,left,DEF,83,80,74,54,76,66,80,64,61,68,81,83,84,7,57,81,Denis Cheryshev
79,right,DEF,84,77,74,53,80,73,78,92,94,77,80,75,73,14,42,80,Hakan Calhanoglu
79,right,GK,81,58,35,68,74,37,63,43,50,72,70,67,65,6,84,58,Tony Jantschke
79,right,GK,79,28,45,80,58,45,53,43,55,64,64,56,66,3,84,22,Adil Rami
79,right,DEF,79,84,69,51,75,75,83,84,72,68,82,85,82,10,54,79,Ashley Young
79,right,MID,79,73,52,52,82,58,76,62,70,82,78,71,65,9,79,79,Daniel Baier
79,left,ATT,79,80,73,80,78,65,80,74,57,71,81,78,78,6,62,73,Andre Ayew
79,left,MID,84,69,69,55,86,69,87,68,61,74,85,77,76,6,74,80,Rafinha
79,right,ATT,79,16,12,12,27,15,10,14,17,32,18,87,50,69,12,48,Guillermo Ochoa
79,right,MID,79,46,80,73,76,78,81,79,71,65,78,90,92,15,39,74,Seydou Doumbia
79,right,MID,79,58,45,84,70,57,54,36,48,60,66,32,44,14,85,48,Luisao
79,left,DEF,79,82,65,67,84,70,77,86,84,86,83,68,61,7,75,84,Miguel Veloso
79,right,DEF,88,54,47,77,62,47,48,59,60,56,67,69,77,14,83,57,Kurt Zouma
79,left,MID,79,79,34,70,64,59,71,64,38,69,76,80,85,11,81,59,Gael Clichy
79,right,GK,79,11,12,13,29,16,11,12,13,20,15,32,33,82,11,53,Gorka Iraizoz Moreno
79,right,MID,85,12,15,12,32,16,15,19,20,23,15,54,48,77,13,49,Geronimo Rulli
79,right,DEF,81,55,83,74,71,80,75,70,51,49,77,79,83,8,33,59,Ciro Immobile
79,right,MID,81,75,67,58,78,48,84,69,46,64,82,89,93,7,69,72,Aleix Vidal
79,right,MID,85,63,78,75,82,81,73,62,44,69,83,72,73,6,71,80,Davy Klaassen
79,right,GK,79,12,11,13,27,13,15,11,12,29,14,44,45,80,11,40,Carlos Kameni
79,right,ATT,81,75,51,76,73,57,74,76,73,67,73,85,92,6,81,67,Kyle Walker
79,right,DEF,81,76,72,70,79,67,80,75,74,74,79,79,82,8,72,68,Moussa Sissoko
79,right,DEF,86,30,20,80,70,29,42,28,30,57,46,51,64,7,85,30,Niklas Suele
79,right,MID,79,70,69,59,81,57,78,65,61,80,82,68,74,13,65,82,Augusto Fernandez
79,right,MID,81,65,54,51,82,58,77,78,68,80,81,68,62,7,79,80,Asier Illarramendi
79,right,GK,80,61,84,77,63,74,73,40,38,46,79,68,79,8,24,65,Jonathas
79,left,DEF,83,82,57,53,81,59,81,76,51,72,83,85,78,9,82,70,Juan Bernat
79,right,GK,79,75,44,75,71,50,61,48,39,66,70,58,64,10,83,55,Andrea Raggi
79,right,DEF,86,67,73,55,73,69,85,85,90,65,82,91,89,14,31,74,Memphis Depay
79,right,DEF,83,79,74,70,74,76,84,82,55,64,80,90,91,14,31,77,Andre Carrillo
79,left,MID,79,86,67,72,82,67,75,69,52,82,83,71,74,6,79,74,Maxwell
79,right,DEF,79,63,23,65,77,47,69,66,47,73,74,55,57,8,81,69,Lucas Leiva
79,right,MID,81,68,81,67,72,74,83,75,75,56,87,75,76,2,22,70,Mario Balotelli
79,right,ATT,81,76,72,58,78,72,86,75,81,72,83,86,80,16,55,81,Remy Cabella
79,right,DEF,80,38,86,89,63,81,49,35,32,37,68,54,65,12,48,51,Bas Dost
79,right,MID,79,70,40,83,66,29,55,70,74,67,60,63,68,11,84,52,Maicon
79,right,ATT,81,52,49,78,76,49,67,42,53,75,73,66,73,8,84,65,Joshua Guilavogui
79,right,ATT,79,72,57,50,86,53,76,77,83,80,81,72,68,8,65,80,Michael Krohn-Dehli
